route_name,ref_number,highway_type,distance_km,distance_category,quality_score,corridor_relevance,eHDT_suitability,is_major_highway,state_classification,key_waypoints,start_lat,start_lon,end_lat,end_lon,lanes,maxspeed,surface,toll,access,hdt_classification,hdt_suitable,hdt_priority,speed_limit_hdt,major_route,route_description,num_segments,consolidated,original_segments,estimated_hours,estimated_fuel_liters,route_id
Puttur - Satyavedu Road,SH,primary,371.71,Short (<100km),57.49,0.6685,Good,True,Within_TN,Industrial corridor route → Krishnagiri → CHITTOOR → KOLAR,13.3339,79.8918,13.3347,79.8916,,,,,,state_highway,True,medium,60,,"State Highways (SH), HDT accessible",71,True,71,6.2,62.0,1
Outer Ring Road,NH75,trunk,255.19,Short (<100km),68.99,0.927,Good,True,TN_to_KA,Bengaluru → Electronic City → BANGALORE → Industrial corridor route → BENGALURU,13.0428,77.5901,13.0426,77.5888,3.0,60.0,asphalt,,,national_highway,True,medium,80,NH75,"National Highways (NH), main HDT corridors",318,True,318,3.19,42.5,2
Dabaspete - Hosur Highway,NH648,trunk,214.53,Short (<100km),68.83,0.8304,Good,True,TN_to_KA,HOSUR → Bengaluru → Industrial corridor route,12.9848,77.7824,12.9812,77.7879,2.0,,asphalt,,,national_highway,True,medium,80,,"National Highways (NH), main HDT corridors",407,True,407,2.68,35.8,3
Grand Southern Trunk Road,NH32,trunk,132.29,Short (<100km),66.98,0.7924,Good,True,Within_TN,Chennai → Sriperumbudur → Industrial corridor route,12.9134,80.1015,12.9137,80.1015,4.0,,,,,national_highway,True,medium,80,,"National Highways (NH), main HDT corridors",97,True,97,1.65,22.0,4
Bengaluru Chennai Expressway,NE7,motorway,129.68,Short (<100km),71.69,0.7921,Good,True,TN_to_KA,"CHENNAI, BENGALURU → Bengaluru",13.0447,77.8247,13.045,77.8246,2.0,,asphalt,,,expressway,True,medium,100,,"Controlled-access expressways, fully HDT suitable",295,True,295,1.3,21.6,5
Krishnakiri - Madanapalle,NH42,trunk,126.78,Short (<100km),62.49,0.5394,Good,True,TN_to_KA,Krishnagiri → Industrial corridor route → CHENNAI,12.7207,78.3427,12.7409,78.3455,2.0,,,,,national_highway,True,medium,80,,"National Highways (NH), main HDT corridors",32,True,32,1.58,21.1,6
Singaperumalkoil - Sriperumbudur - Thiruvallur - Red Hills Road,SH57,primary,124.87,Short (<100km),63.74,0.8629,Good,True,Within_TN,Chennai → Sriperumbudur → Industrial corridor route,13.1964,80.1812,13.1945,80.1754,,,,,,state_highway,True,medium,60,,"State Highways (SH), HDT accessible",62,True,62,2.08,20.8,7
Srinivaspur Mulbagal Road,NH69,trunk,122.18,Short (<100km),61.28,0.5461,Good,True,TN_to_KA,Industrial corridor route,13.1687,78.3617,13.2204,78.3177,2.0,60.0,asphalt,,,national_highway,True,medium,80,,"National Highways (NH), main HDT corridors",119,True,119,1.53,20.4,8
Outer Ring Road,SH234,motorway,121.42,Short (<100km),75.48,0.8524,Good,True,Within_TN,Chennai → Sriperumbudur,13.1819,80.1471,13.1818,80.147,3.0,100.0,,,,expressway,True,medium,100,,"Controlled-access expressways, fully HDT suitable",442,True,442,1.21,20.2,9
Magadi Road,SH85,primary,114.67,Short (<100km),66.09,0.9681,Good,True,TN_to_KA,Bengaluru → Electronic City → Hosur → Industrial corridor route → Krishnagiri,12.9759,77.5645,12.9758,77.5645,2.0,40.0,asphalt,,yes,state_highway,True,medium,60,,"State Highways (SH), HDT accessible",150,True,150,1.91,19.1,10
Yelahanka Road,SH9,primary,101.41,Short (<100km),64.88,0.8913,Good,True,TN_to_KA,Bengaluru → Electronic City → Industrial corridor route → CHITTOOR,13.0821,77.5932,13.0819,77.5934,2.0,40.0,asphalt,,,state_highway,True,medium,60,,"State Highways (SH), HDT accessible",99,True,99,1.69,16.9,11
Taramani Road,SH48,primary,98.2,Short (<100km),64.7,0.8853,Good,True,Within_TN,Chennai → Sriperumbudur → Industrial corridor route,12.9759,80.2211,12.9761,80.2213,2.0,50.0,asphalt,,,state_highway,True,medium,60,,"State Highways (SH), HDT accessible",143,True,143,1.64,16.4,12
Chennai - Tiruttani - Renigunta Road,NH716,trunk,97.87,Short (<100km),66.44,0.8527,Good,True,Within_TN,CHENNAI → Industrial corridor route,13.1252,80.1175,13.1196,80.1033,,,,,,national_highway,True,medium,80,,"National Highways (NH), main HDT corridors",61,True,61,1.22,16.3,13
Kumbalagodu Flyover,NH275;EC34,motorway,92.22,Short (<100km),72.46,0.8631,Good,True,TN_to_KA,Bengaluru → Electronic City → BENGALURU,12.901,77.4674,12.8983,77.4633,3.0,60.0,asphalt,,,expressway,True,medium,100,,"Controlled-access expressways, fully HDT suitable",123,True,123,0.92,15.4,14
Kolar Bangarpet Road,SH5,primary,88.65,Short (<100km),58.62,0.6211,Good,True,TN_to_KA,KOLAR → Industrial corridor route → Ranipet → Vellore,13.1137,78.1391,13.1157,78.1375,,40.0,,,,state_highway,True,medium,60,,"State Highways (SH), HDT accessible",46,True,46,1.48,14.8,15
Thiruvalluvar Road,SH49,primary,88.54,Short (<100km),65.35,0.904,Good,True,Within_TN,Chennai → Industrial corridor route,12.9874,80.2596,12.9871,80.2598,,,asphalt,,,state_highway,True,medium,60,,"State Highways (SH), HDT accessible",79,True,79,1.48,14.8,16
Korathalaiyar Bridge - Puthur Road,NH716A,trunk,83.69,Short (<100km),68.33,0.8098,Good,True,Within_TN,Chennai → Sriperumbudur → Industrial corridor route,13.2623,80.1552,13.2717,80.1058,2.0,,,,,national_highway,True,medium,80,,"National Highways (NH), main HDT corridors",24,True,24,1.05,13.9,17
Cheyyur - Vandavasi - Polur Road,SH115,primary,82.51,Short (<100km),57.34,0.538,Good,True,Within_TN,Industrial corridor route,12.4796,79.7389,12.4359,79.8336,2.0,,asphalt,,,state_highway,True,medium,60,,"State Highways (SH), HDT accessible",18,True,18,1.38,13.8,18
Polur - Jamunamarathur - Alangayam - Vaniyambadi Road,SH215,primary,81.42,Short (<100km),55.99,0.462,Good,True,Within_TN,VANIYAMBADI,12.6848,78.6269,12.6835,78.6278,,,,,,state_highway,True,medium,60,,"State Highways (SH), HDT accessible",9,True,9,1.36,13.6,19
Abdullapuram - Asanampattu - Alangayam - Thirupathur Road,SH122,primary,79.64,Short (<100km),55.63,0.4542,Good,True,Within_TN,Industrial corridor route → Vellore → Ranipet,12.4909,78.6029,12.4737,78.5782,,,,,,state_highway,True,medium,60,,"State Highways (SH), HDT accessible",47,True,47,1.33,13.3,20
Nagawara Main Road,SH104,primary,78.67,Short (<100km),65.75,0.9241,Good,True,TN_to_KA,Bengaluru → Electronic City → CHENNAI → HOSUR → Industrial corridor route,13.0401,77.6243,13.04,77.6243,,,asphalt,,,state_highway,True,medium,60,,"State Highways (SH), HDT accessible",132,True,132,1.31,13.1,21
Old Mahapalipuram Road,SH49A,primary,76.62,Short (<100km),64.44,0.9034,Good,True,Within_TN,Chennai → Industrial corridor route,12.9879,80.2514,12.9878,80.2514,3.0,,,,,state_highway,True,medium,60,,"State Highways (SH), HDT accessible",111,True,111,1.28,12.8,22
Sadras - Chengalpattu - Kancheepuram - Arakkonam - Tiruthani Road,SH58,primary,73.72,Short (<100km),60.18,0.6526,Good,True,Within_TN,"ARAKKONAM → BANGALORE, KOLAR → Industrial corridor route",12.6978,79.9763,12.6994,79.9693,,,,,,state_highway,True,medium,60,,"State Highways (SH), HDT accessible",57,True,57,1.23,12.3,23
Kanakapura Road,NH948,trunk,71.23,Short (<100km),69.44,0.8739,Good,True,TN_to_KA,Bengaluru → Electronic City → Industrial corridor route,12.8579,77.5275,12.8586,77.528,2.0,,asphalt,,,national_highway,True,medium,80,,"National Highways (NH), main HDT corridors",93,True,93,0.89,11.9,24
State Highway 3,SH3,primary,66.61,Short (<100km),61.49,0.7308,Good,True,TN_to_KA,Industrial corridor route,13.0639,77.2684,13.0711,77.27,2.0,,asphalt,,,state_highway,True,medium,60,,"State Highways (SH), HDT accessible",31,True,31,1.11,11.1,25
Vijayapura Bypass,SH96,primary,65.1,Short (<100km),60.57,0.7125,Good,True,TN_to_KA,Industrial corridor route → KOLAR,13.2891,77.7778,13.2803,77.8201,,,,,,state_highway,True,medium,60,,"State Highways (SH), HDT accessible",28,True,28,1.08,10.8,26
Whitefield Main Road,SH35,primary,60.81,Short (<100km),65.86,0.8588,Good,True,TN_to_KA,Bengaluru → Hosur → Electronic City → Industrial corridor route,12.9568,77.7454,12.9568,77.7454,,,asphalt,,yes,state_highway,True,medium,60,,"State Highways (SH), HDT accessible",70,True,70,1.01,10.1,27
Thirumazhisai - Thiruvallur - Uthukottai Road,SH50,primary,57.89,Short (<100km),63.69,0.8187,Good,True,Within_TN,Chennai → Sriperumbudur → Industrial corridor route,13.0541,80.0625,13.0455,80.0701,,,,,,state_highway,True,medium,60,,"State Highways (SH), HDT accessible",33,True,33,0.96,9.6,28
Muthuswamy Bridge,SHU88,primary,56.81,Short (<100km),67.91,0.9888,Good,True,Within_TN,Chennai → Sriperumbudur,13.0792,80.2818,13.0803,80.2808,,,,,,state_highway,True,medium,60,,"State Highways (SH), HDT accessible",167,True,167,0.95,9.5,29
Thandalam - Perambakkam - Thakkolam - Arugilpadi Road,SH50B,primary,56.33,Short (<100km),62.72,0.7746,Good,True,Within_TN,Sriperumbudur → Chennai,13.0154,79.9424,13.0184,80.0106,,,,,,state_highway,True,medium,60,,"State Highways (SH), HDT accessible",15,True,15,0.94,9.4,30
Madras Bangalore Trunk Road,NH40,trunk,55.99,Short (<100km),61.34,0.5057,Good,True,Within_TN,"BANGALORE → CHITTOOR, RANIPET → CHENNAI → Industrial corridor route",12.9183,79.3855,12.919,79.3837,,,,,,national_highway,True,medium,80,,"National Highways (NH), main HDT corridors",68,True,68,0.7,9.3,31
Grand Northern Trunk Road,NH16,trunk,55.95,Short (<100km),70.3,0.9079,Good,True,Within_TN,Chennai → Industrial corridor route,13.1522,80.2097,13.1534,80.2081,2.0,,,,,national_highway,True,medium,80,,"National Highways (NH), main HDT corridors",107,True,107,0.7,9.3,32
Arcot Road,SH113,primary,55.46,Short (<100km),65.58,0.9083,Good,True,Within_TN,Chennai → Sriperumbudur,13.0417,80.1757,13.0449,80.186,1.0,,,,,state_highway,True,medium,60,,"State Highways (SH), HDT accessible",69,True,69,0.92,9.2,33
Bannerghatta Road,SH87,primary,53.35,Short (<100km),66.6,0.9333,Good,True,TN_to_KA,Bengaluru → Electronic City → Hosur → HOSUR,12.9073,77.6006,12.9046,77.6018,2.0,,asphalt,,,state_highway,True,medium,60,,"State Highways (SH), HDT accessible",60,True,60,0.89,8.9,34
Walajah - Sholinghur - Arakkonam Road,SH61,primary,50.97,Short (<100km),59.05,0.604,Good,True,Within_TN,ARAKKONAM,13.0833,79.652,13.0849,79.6661,,,,,,state_highway,True,medium,60,,"State Highways (SH), HDT accessible",12,True,12,0.85,8.5,35
Jawaharlal Nehru Road (100 Feet Road),SH2,primary,49.75,Short (<100km),67.99,0.9369,Good,True,Within_TN,Chennai → Sriperumbudur,13.0637,80.2117,13.0613,80.2118,,,,,,state_highway,True,medium,60,,"State Highways (SH), HDT accessible",141,True,141,0.83,8.3,36
Chittoor - Tiruttani Road,SH54,primary,49.13,Short (<100km),57.85,0.5797,Good,True,Within_TN,CHITTOOR,13.1812,79.6095,13.1715,79.5511,,,,,,state_highway,True,medium,60,,"State Highways (SH), HDT accessible",14,True,14,0.82,8.2,37
Arcot - Villupuram Road,SH4,primary,47.64,Short (<100km),56.67,0.4889,Good,True,Within_TN,Vellore → Ranipet → Industrial corridor route,12.9049,79.3241,12.9027,79.323,,,,,,state_highway,True,medium,60,,"State Highways (SH), HDT accessible",42,True,42,0.79,7.9,38
Thiruvottriyur – Ponneri – Panchetty Road,SH56,primary,47.19,Short (<100km),66.9,0.9267,Good,True,Within_TN,Chennai,13.1538,80.2792,13.154,80.275,,,,,,state_highway,True,medium,60,,"State Highways (SH), HDT accessible",47,True,47,0.79,7.9,39
Krishnagiri - Berigai Road,SH226,primary,46.73,Short (<100km),60.58,0.6893,Good,True,TN_to_KA,KRISHNAGIRI,12.8052,77.9736,12.7893,78.0378,,,,,,state_highway,True,medium,60,,"State Highways (SH), HDT accessible",10,True,10,0.78,7.8,40
Hosur - Adhiyamankottai Road,NH844,trunk,45.63,Short (<100km),66.53,0.7295,Good,True,TN_to_KA,HOSUR,12.7309,77.8325,12.7311,77.8326,2.0,,asphalt,,,national_highway,True,medium,80,,"National Highways (NH), main HDT corridors",47,True,47,0.57,7.6,41
Chengalpattu - Kancheepuram Highway,NH132B,trunk,44.89,Short (<100km),65.81,0.6581,Good,True,Within_TN,Industrial corridor route,12.7553,79.9274,12.7544,79.9285,,,,,,national_highway,True,medium,80,,"National Highways (NH), main HDT corridors",38,True,38,0.56,7.5,42
Hosur - Thally - Denkanikottai Road,SH17B,primary,44.14,Short (<100km),63.19,0.7352,Good,True,TN_to_KA,"HOSUR, DENKANIKOTTAI",12.7308,77.825,12.7335,77.8209,,,,,,state_highway,True,medium,60,,"State Highways (SH), HDT accessible",24,True,24,0.74,7.4,43
Walajabad - Sunguvarchathiram - Keelachery Road,SH120,primary,43.47,Short (<100km),61.83,0.6868,Good,True,Within_TN,Sriperumbudur,13.0333,79.8533,13.0078,79.8534,,,,,,state_highway,True,medium,60,,"State Highways (SH), HDT accessible",34,True,34,0.72,7.2,44
National Highway 140,NH140,trunk,42.79,Short (<100km),60.89,0.4459,Good,True,Within_TN,Industrial corridor route,13.491,79.2022,13.48,79.1912,3.0,,asphalt,,,national_highway,True,medium,80,,"National Highways (NH), main HDT corridors",80,True,80,0.53,7.1,45
Gudiyatham - Gadambur - Kailasagiri - Vaniyambadi Road,SH130,primary,41.95,Short (<100km),56.0,0.4641,Good,True,Within_TN,"AMBUR, VANIYAMBADI",12.8355,78.7069,12.6959,78.6206,,,,,,state_highway,True,medium,60,,"State Highways (SH), HDT accessible",13,True,13,0.7,7.0,46
Hosakote Chinthamani Road,SH82,primary,41.87,Short (<100km),63.14,0.7905,Good,True,TN_to_KA,Bengaluru → Industrial corridor route,13.0884,77.8079,13.1102,77.8302,2.0,,asphalt,,,state_highway,True,medium,60,,"State Highways (SH), HDT accessible",19,True,19,0.7,7.0,47
Tambaram - Mudichur - Sriperumbudur Road Flyover,SH110,primary,41.84,Short (<100km),64.0,0.8043,Good,True,Within_TN,Chennai → Sriperumbudur,12.9247,80.113,12.9243,80.1151,,,,,,state_highway,True,medium,60,,"State Highways (SH), HDT accessible",64,True,64,0.7,7.0,48
Kancheepuram - Vandavasi Road,SH116,primary,39.53,Short (<100km),59.34,0.5967,Good,True,Within_TN,Industrial corridor route,12.8257,79.7038,12.8298,79.7037,,,,,,state_highway,True,medium,60,,"State Highways (SH), HDT accessible",25,True,25,0.66,6.6,49
Salem - Thirupathur - Vaniyambadi Road,NH179A,trunk,38.01,Short (<100km),61.54,0.4643,Good,True,Within_TN,VANIYAMBADI,12.6594,78.6086,12.6594,78.6086,,,,,,national_highway,True,medium,80,,"National Highways (NH), main HDT corridors",12,True,12,0.48,6.3,50
Pudupadi - Iluppai - Vadailuppai - Vishar - Kanchipuram Road,SH116A,primary,37.84,Short (<100km),58.58,0.5898,Good,True,Within_TN,KANCHIPURAM,12.8335,79.6823,12.8316,79.634,2.0,,,,,state_highway,True,medium,60,,"State Highways (SH), HDT accessible",13,True,13,0.63,6.3,51
Vandalur - Mambakkam - Kelambakkam Road,SH121,primary,37.62,Short (<100km),63.97,0.7666,Good,True,Within_TN,Industrial corridor route → Sriperumbudur,12.8276,80.1651,12.8086,80.1865,,,,,,state_highway,True,medium,60,,"State Highways (SH), HDT accessible",9,True,9,0.63,6.3,52
Flyover,SH55,primary,37.54,Short (<100km),66.69,0.8996,Good,True,Within_TN,Chennai → Sriperumbudur,13.0073,80.2023,13.0074,80.202,3.0,,asphalt,,,state_highway,True,medium,60,,"State Highways (SH), HDT accessible",69,True,69,0.63,6.3,53
Maduranthagam - Vennangupattu Road,SH117,primary,36.9,Short (<100km),59.15,0.568,Good,True,Within_TN,Industrial corridor route,12.5049,79.8896,12.509,79.8847,,,,,,state_highway,True,medium,60,,"State Highways (SH), HDT accessible",7,True,7,0.62,6.1,54
Medavakkam - Mambakkam - Sembakkam Road,SH110A,primary,33.05,Short (<100km),64.6,0.8322,Good,True,Within_TN,Chennai → Sriperumbudur → Industrial corridor route,12.9174,80.1924,12.9171,80.1924,2.0,60.0,paved,,,state_highway,True,medium,60,,"State Highways (SH), HDT accessible",27,True,27,0.55,5.5,55
Bukkathurai - Uthiramerur Road,SH118,primary,31.69,Short (<100km),59.58,0.6165,Good,True,Within_TN,Industrial corridor route,12.6297,79.9306,12.6297,79.9311,,,asphalt,,,state_highway,True,medium,60,,"State Highways (SH), HDT accessible",20,True,20,0.53,5.3,56
National Highway 140,NH 140,trunk,31.52,Short (<100km),60.73,0.4323,Good,True,Within_TN,Industrial corridor route,13.2214,79.0654,13.1984,79.0652,3.0,,asphalt,,,national_highway,True,medium,80,,"National Highways (NH), main HDT corridors",77,True,77,0.39,5.3,57
Arakkonam - Ocheri Road,SH126,primary,31.39,Short (<100km),59.69,0.6057,Good,True,Within_TN,ARAKKONAM,13.068,79.6577,13.075,79.6704,,,asphalt,,,state_highway,True,medium,60,,"State Highways (SH), HDT accessible",13,True,13,0.52,5.2,58
Hosur - Denkanikottai Road,SH17A,primary,30.63,Short (<100km),62.86,0.7332,Good,True,TN_to_KA,"HOSUR, DENKANIKOTTAI",12.7339,77.8262,12.7306,77.8253,,,,,,state_highway,True,medium,60,,"State Highways (SH), HDT accessible",26,True,26,0.51,5.1,59
Krishnagiri - Rayakottai Road,SH225,primary,30.47,Short (<100km),59.06,0.5902,Good,True,TN_to_KA,KRISHNAGIRI,12.5138,78.0321,12.5313,78.0604,,,,,,state_highway,True,medium,60,,"State Highways (SH), HDT accessible",11,True,11,0.51,5.1,60
Sholinghur - Kaveripakkam Road,SH128,primary,30.19,Short (<100km),58.35,0.5397,Good,True,Within_TN,Ranipet,13.0117,79.4879,13.0125,79.4878,,,,,,state_highway,True,medium,60,,"State Highways (SH), HDT accessible",15,True,15,0.5,5.0,61
Tirupattur – Singarapet Road,SH18A,primary,29.81,Short (<100km),56.41,0.4585,Good,True,Within_TN,TIRUPATTUR,12.4949,78.5678,12.4879,78.57,,,asphalt,,,state_highway,True,medium,60,,"State Highways (SH), HDT accessible",4,True,4,0.5,5.0,62
Pallikonda - Palamaneri Road,SH127,primary,29.19,Short (<100km),55.33,0.4277,Good,True,Within_TN,Vellore,12.9472,78.8752,13.0866,78.8228,,,,,,state_highway,True,medium,60,,"State Highways (SH), HDT accessible",7,True,7,0.49,4.9,63
East Coast Road,NH332A,trunk,29.07,Short (<100km),65.29,0.654,Good,True,Within_TN,Industrial corridor route,12.6148,80.1702,12.6136,80.1683,2.0,,,yes,,national_highway,True,medium,80,,"National Highways (NH), main HDT corridors",71,True,71,0.36,4.8,64
Korattur – Thinnanur – Periyapalayam Road,SH50A,primary,29.0,Short (<100km),64.46,0.791,Good,True,Within_TN,Chennai → Sriperumbudur → Industrial corridor route,13.1261,80.0309,13.1266,80.0313,,,,,,state_highway,True,medium,60,,"State Highways (SH), HDT accessible",21,True,21,0.48,4.8,65
General Hospital Road,SHU86,primary,27.89,Short (<100km),69.06,0.9981,Good,True,Within_TN,"Chennai → Sriperumbudur → CHENNAI, BANGALORE",13.081,80.271,13.0811,80.2711,,,,,,state_highway,True,medium,60,,"State Highways (SH), HDT accessible",96,True,96,0.46,4.6,66
Thiruttani - Podatturpet - Pallipet Road,SH106,primary,27.1,Short (<100km),59.08,0.5749,Good,True,Within_TN,Industrial corridor route,13.1747,79.5951,13.1893,79.5797,,,,,,state_highway,True,medium,60,,"State Highways (SH), HDT accessible",4,True,4,0.45,4.5,67
Chennai - Tiruttani - Renigunta Road,SHU148,trunk,26.64,Short (<100km),71.26,0.8932,Good,True,Within_TN,CHENNAI,13.1087,80.1523,13.1015,80.1621,,,,,,national_highway,True,medium,80,,"National Highways (NH), main HDT corridors",32,True,32,0.33,4.4,68
Uthiramerur - Kancheepuram Road,SH118A,primary,26.09,Short (<100km),59.82,0.5968,Good,True,Within_TN,Industrial corridor route,12.7489,79.7491,12.7491,79.7491,2.0,,asphalt,,,state_highway,True,medium,60,,"State Highways (SH), HDT accessible",20,True,20,0.43,4.3,69
Bengaluru-Mysuru Expressway,NH275,motorway,25.68,Short (<100km),75.33,0.8631,Good,True,TN_to_KA,BENGALURU,12.8991,77.4642,12.9011,77.4673,3.0,100.0,asphalt,,,expressway,True,medium,100,,"Controlled-access expressways, fully HDT suitable",27,True,27,0.26,4.3,70
Arcot - Kannamangalam Road,SH129,primary,25.66,Short (<100km),56.53,0.4861,Good,True,Within_TN,Vellore → Ranipet,12.9039,79.3134,12.8512,79.2666,,,asphalt,,,state_highway,True,medium,60,,"State Highways (SH), HDT accessible",20,True,20,0.43,4.3,71
Bargur - Tirupattur Road,SH131,primary,24.18,Short (<100km),56.93,0.5098,Good,True,TN_to_KA,TIRUPATTUR,12.5402,78.3632,12.5113,78.4002,2.0,,asphalt,,,state_highway,True,medium,60,,"State Highways (SH), HDT accessible",13,True,13,0.4,4.0,72
Ranipet - Ponnai Road,MDR124A,primary,21.82,Short (<100km),57.13,0.4895,Good,True,Within_TN,RANIPET,12.9714,79.3099,12.9483,79.3192,,,,,,state_highway,True,medium,60,,"State Highways (SH), HDT accessible",5,True,5,0.36,3.6,73
Kalavai - Vazhapandal Road,SH123,primary,21.23,Short (<100km),57.51,0.506,Good,True,Within_TN,Ranipet → Industrial corridor route,12.8047,79.4169,12.8046,79.417,,,,,,state_highway,True,medium,60,,"State Highways (SH), HDT accessible",5,True,5,0.35,3.5,74
Pallavaram - Thoraipakkam Road,SH109,primary,21.16,Short (<100km),66.52,0.8688,Good,True,Within_TN,Chennai → Sriperumbudur,12.9491,80.2404,12.9493,80.2408,,,,yes,,state_highway,True,medium,60,,"State Highways (SH), HDT accessible",97,True,97,0.35,3.5,75
Ambur - Sathgur Road,SH130A,primary,20.21,Short (<100km),56.3,0.455,Good,True,Within_TN,AMBUR,12.9002,78.6969,12.8976,78.6957,,,asphalt,,,state_highway,True,medium,60,,"State Highways (SH), HDT accessible",7,True,7,0.34,3.4,76
Chittoor - Gudiyattam Road,SH88,primary,20.18,Short (<100km),55.5,0.4198,Good,True,Within_TN,CHITTOOR,12.9572,78.8683,13.0852,78.9847,,,,,,state_highway,True,medium,60,,"State Highways (SH), HDT accessible",1,True,1,0.34,3.4,77
Kavarapettai – Sathiyavedu Road,SH52,primary,20.1,Short (<100km),63.59,0.7436,Good,True,Within_TN,Industrial corridor route,13.3665,80.1393,13.4322,79.9728,,,,,,state_highway,True,medium,60,,"State Highways (SH), HDT accessible",1,True,1,0.34,3.4,78
SH-94,SH94,primary,19.93,Short (<100km),60.75,0.6323,Good,True,TN_to_KA,Industrial corridor route,13.4972,77.6053,13.5047,77.6061,2.0,80.0,asphalt,,,state_highway,True,medium,60,,"State Highways (SH), HDT accessible",3,True,3,0.33,3.3,79
R.K.Pettai – Pallipattu Road,SH108,primary,19.83,Short (<100km),57.95,0.524,Good,True,Within_TN,Ranipet → Industrial corridor route,13.165,79.4373,13.3185,79.4411,,,,,,state_highway,True,medium,60,,"State Highways (SH), HDT accessible",5,True,5,0.33,3.3,80
Arni - Padavedu Road,SH239,primary,19.52,Short (<100km),55.93,0.4562,Good,True,Within_TN,Ranipet → Vellore,12.6644,79.2587,12.6481,79.1671,,,,,,state_highway,True,medium,60,,"State Highways (SH), HDT accessible",4,True,4,0.33,3.3,81
Panamadangi - Poosarivalasai - Paradharami Road,SH125,primary,19.5,Short (<100km),55.8,0.4321,Good,True,Within_TN,Vellore,13.0712,78.9742,12.9708,79.0647,,,,,,state_highway,True,medium,60,,"State Highways (SH), HDT accessible",1,True,1,0.32,3.2,82
Krishnagiri - Ranipet Road (Old NH46),SHU24,primary,18.63,Short (<100km),56.73,0.4963,Good,True,Within_TN,"KRISHNAGIRI, RANIPET → Vellore → Ranipet",12.9268,79.3488,12.9203,79.3427,,,,,,state_highway,True,medium,60,,"State Highways (SH), HDT accessible",28,True,28,0.31,3.1,83
Tiruvalam - Katpadi - Venkatagirikottah Road,SH59,primary,18.44,Short (<100km),56.56,0.4726,Good,True,Within_TN,Vellore → Ranipet,12.9969,79.2455,12.9933,79.2422,2.0,,asphalt,,,state_highway,True,medium,60,,"State Highways (SH), HDT accessible",23,True,23,0.31,3.1,84
Arni - Ettiavadi Road,SH237,primary,17.94,Short (<100km),55.92,0.4622,Good,True,Within_TN,Industrial corridor route,12.572,79.1688,12.6693,79.2852,,,,,,state_highway,True,medium,60,,"State Highways (SH), HDT accessible",5,True,5,0.3,3.0,85
Rajupet - Arimanipenta Road,SH508,primary,17.39,Short (<100km),57.41,0.5079,Good,True,TN_to_KA,Industrial corridor route,12.899,78.4862,12.9043,78.4849,,,,,,state_highway,True,medium,60,,"State Highways (SH), HDT accessible",5,True,5,0.29,2.9,86
Kancheepuram - Thiruvathipuram Road,SH5A,primary,17.12,Short (<100km),58.62,0.5686,Good,True,Within_TN,Industrial corridor route,12.6841,79.5749,12.7277,79.6724,,,,,,state_highway,True,medium,60,,"State Highways (SH), HDT accessible",3,True,3,0.29,2.9,87
Kannamangalam - Arni Road,SH132,primary,16.63,Short (<100km),56.31,0.4631,Good,True,Within_TN,Ranipet → Vellore,12.6845,79.2829,12.6951,79.2419,,,asphalt,,,state_highway,True,medium,60,,"State Highways (SH), HDT accessible",9,True,9,0.28,2.8,88
Ponnai - Thiruvalam Road,SH124,primary,16.52,Short (<100km),56.9,0.4763,Good,True,Within_TN,Vellore → Ranipet,12.9902,79.2615,13.1217,79.2532,,,,,,state_highway,True,medium,60,,"State Highways (SH), HDT accessible",4,True,4,0.28,2.8,89
Poonamallee - Kundrathur - Pallavaram Road,SH113A,primary,16.2,Short (<100km),66.01,0.8524,Good,True,Within_TN,Chennai → Sriperumbudur,13.045,80.1157,13.0214,80.1059,,,,,,state_highway,True,medium,60,,"State Highways (SH), HDT accessible",22,True,22,0.27,2.7,90
Mount - Medavakkam Road,SH48A,primary,16.19,Short (<100km),66.76,0.892,Good,True,Within_TN,Chennai → Sriperumbudur,12.9975,80.2007,12.9969,80.2009,,,,,,state_highway,True,medium,60,,"State Highways (SH), HDT accessible",54,True,54,0.27,2.7,91
Vanagaram - Ambathur - Puzhal Road,SH205,primary,15.8,Short (<100km),67.21,0.8999,Good,True,Within_TN,Chennai → Sriperumbudur,13.1582,80.203,13.1583,80.2027,,,,,,state_highway,True,medium,60,,"State Highways (SH), HDT accessible",22,True,22,0.26,2.6,92
Chennai - Ennore Road,SH114,primary,15.71,Short (<100km),67.51,0.9317,Good,True,Within_TN,CHENNAI,13.1439,80.2966,13.1457,80.2973,,,,,,state_highway,True,medium,60,,"State Highways (SH), HDT accessible",21,True,21,0.26,2.6,93
Bangalore-Mysore Road,NH275,trunk,15.42,Short (<100km),72.23,0.9261,Good,True,TN_to_KA,BANGALORE,12.9434,77.5262,12.9439,77.5267,,,,,,national_highway,True,medium,80,,"National Highways (NH), main HDT corridors",38,True,38,0.19,2.6,94
Chennai - Ennore Expressway Road,SH1,primary,15.42,Short (<100km),67.61,0.9312,Good,True,Within_TN,CHENNAI,13.1432,80.2997,13.1841,80.3165,,,,,,expressway,True,medium,100,,"State Highways (SH), HDT accessible",6,True,6,0.15,2.6,95
Wall Tax Road,SHU87,primary,15.28,Short (<100km),69.13,0.994,Good,True,Within_TN,Chennai,13.0819,80.2762,13.1039,80.2735,,,,,,state_highway,True,medium,60,,"State Highways (SH), HDT accessible",55,True,55,0.25,2.5,96
Tirupattur - Natrampalli Road,SH244,primary,15.07,Short (<100km),56.8,0.4809,Good,True,Within_TN,TIRUPATTUR,12.5764,78.5096,12.5902,78.5095,,,asphalt,,,state_highway,True,medium,60,,"State Highways (SH), HDT accessible",5,True,5,0.25,2.5,97
Budigere Road,SH 104A,primary,14.93,Short (<100km),65.52,0.8423,Good,True,TN_to_KA,Bengaluru → Electronic City,13.0641,77.7391,13.078,77.7368,2.0,,asphalt,,,state_highway,True,medium,60,,"State Highways (SH), HDT accessible",26,True,26,0.25,2.5,98
Madhavaram - Red Hills Road,SH111,primary,14.3,Short (<100km),67.94,0.9432,Good,True,Within_TN,Chennai,13.1296,80.2417,13.1291,80.2416,2.0,,asphalt,,,state_highway,True,medium,60,,"State Highways (SH), HDT accessible",28,True,28,0.24,2.4,99
Yelagiri Hill Road,SH243,primary,14.19,Short (<100km),56.55,0.4627,Good,True,Within_TN,Industrial corridor route,12.6008,78.5952,12.6006,78.5953,,,,,,state_highway,True,medium,60,,"State Highways (SH), HDT accessible",4,True,4,0.24,2.4,100
Chennai - Chittoor - Bangalore Road (Old NH4),SHU3,primary,14.17,Short (<100km),63.92,0.8605,Good,True,Within_TN,"CHENNAI, BANGALORE, CHITTOOR → Chennai → Sriperumbudur",13.0548,80.124,13.0449,80.1156,,,asphalt,,,state_highway,True,medium,60,,"State Highways (SH), HDT accessible",22,True,22,0.24,2.4,101
Nelvoy - Pallikonda Road,SH240,primary,13.99,Short (<100km),55.69,0.4411,Good,True,Within_TN,Vellore → Ranipet,12.8363,79.1304,12.8716,79.0588,2.0,,asphalt,,,state_highway,True,medium,60,,"State Highways (SH), HDT accessible",7,True,7,0.23,2.3,102
Ring Road,NH73,trunk,13.76,Short (<100km),65.56,0.6229,Good,True,TN_to_KA,Industrial corridor route,13.3076,77.1538,13.3071,77.1533,2.0,,,,,national_highway,True,medium,80,,"National Highways (NH), main HDT corridors",6,True,6,0.17,2.3,103
Thirukalukundram - Mamallapuram Road,SH49B,primary,13.22,Short (<100km),61.35,0.6539,Good,True,Within_TN,Industrial corridor route,12.6148,80.1696,12.6101,80.0566,,,,yes,,state_highway,True,medium,60,,"State Highways (SH), HDT accessible",1,True,1,0.22,2.2,104
Nagari – Pallipattu Road,SH53,primary,12.53,Short (<100km),58.44,0.5443,Good,True,Within_TN,Industrial corridor route,13.3231,79.5382,13.3318,79.4941,,,,,,state_highway,True,medium,60,,"State Highways (SH), HDT accessible",2,True,2,0.21,2.1,105
Bagalur - Berigai Road,SH17C,primary,12.21,Short (<100km),63.72,0.75,Good,True,TN_to_KA,Hosur → Electronic City,12.8341,77.8685,12.8344,77.8681,,,,,,state_highway,True,medium,60,,"State Highways (SH), HDT accessible",5,True,5,0.2,2.0,106
Anna Salai,NH38,trunk,12.13,Short (<100km),61.09,0.4448,Good,True,Within_TN,Vellore → Ranipet,12.9238,79.1314,12.9136,79.1323,,,,,,national_highway,True,medium,80,,"National Highways (NH), main HDT corridors",3,True,3,0.15,2.0,107
Hosur Inner Ring Road,SH208,primary,12.11,Short (<100km),63.34,0.7553,Good,True,TN_to_KA,HOSUR,12.758,77.7989,12.7581,77.7989,,,,,,state_highway,True,medium,60,,"State Highways (SH), HDT accessible",29,True,29,0.2,2.0,108
Inner Ring Road (Southern Sector),SH2A,primary,11.91,Short (<100km),67.05,0.8879,Good,True,Within_TN,Chennai → Sriperumbudur,12.9984,80.1922,12.997,80.1933,,,asphalt,,,state_highway,True,medium,60,,"State Highways (SH), HDT accessible",52,True,52,0.2,2.0,109
Hesaraghatta Main Road,SH39,primary,11.76,Short (<100km),66.64,0.889,Good,True,TN_to_KA,Bengaluru → Electronic City,13.0516,77.5079,13.0452,77.5073,2.0,,asphalt,,,state_highway,True,medium,60,,"State Highways (SH), HDT accessible",22,True,22,0.2,2.0,110
Semmozhi Salai,SHN14,primary,11.6,Short (<100km),65.74,0.8327,Good,True,Within_TN,Chennai,12.9173,80.1941,12.917,80.1942,,,,no,,state_highway,True,medium,60,,"State Highways (SH), HDT accessible",23,True,23,0.19,1.9,111
Polur - Chengam Road,SH133,primary,11.44,Short (<100km),55.38,0.4152,Good,True,Within_TN,Industrial corridor route,12.4382,79.0452,12.4878,79.1239,,,,,,state_highway,True,medium,60,,"State Highways (SH), HDT accessible",1,True,1,0.19,1.9,112
Chennai - Trichy - Dindugal Road (Old NH45),SHU6,primary,11.4,Short (<100km),61.29,0.6575,Good,True,Within_TN,CHENNAI,12.7097,79.9777,12.706,79.9773,2.0,,asphalt,,,state_highway,True,medium,60,,"State Highways (SH), HDT accessible",13,True,13,0.19,1.9,113
Manali Oil Refinary Road,SH1A,primary,11.23,Short (<100km),67.5,0.9058,Good,True,Within_TN,Chennai,13.1765,80.2793,13.1761,80.2812,,,,,,state_highway,True,medium,60,,"State Highways (SH), HDT accessible",16,True,16,0.19,1.9,114
Thally - Jawalagiri - Karnataka State Border Road,SH264,primary,11.22,Short (<100km),62.42,0.6967,Good,True,TN_to_KA,Hosur → Electronic City,12.583,77.6574,12.4937,77.6301,,,,,,state_highway,True,medium,60,,"State Highways (SH), HDT accessible",1,True,1,0.19,1.9,115
Ramakuppam - Vijalapuram Road,SH510,primary,10.72,Short (<100km),57.83,0.5133,Good,True,TN_to_KA,Industrial corridor route,12.8341,78.4571,12.899,78.4862,,,,,,state_highway,True,medium,60,,"State Highways (SH), HDT accessible",1,True,1,0.18,1.8,116
Ranipet - Sholinghur Road,SH61A,primary,10.59,Short (<100km),57.55,0.5103,Good,True,Within_TN,RANIPET,13.0061,79.3895,12.9908,79.3722,,,,,,state_highway,True,medium,60,,"State Highways (SH), HDT accessible",11,True,11,0.18,1.8,117
Thally - Gummalapuram Road,SH263,primary,9.66,Short (<100km),63.45,0.7382,Good,True,TN_to_KA,Hosur → Electronic City,12.6615,77.6777,12.5988,77.6715,,,,,,state_highway,True,medium,60,,"State Highways (SH), HDT accessible",1,True,1,0.16,1.6,118
Chennai - Tiruthani - Renigunta Road (Old NH205),SHU,primary,9.27,Short (<100km),57.22,0.6112,Good,True,Within_TN,CHENNAI → Industrial corridor route → Ranipet,13.2048,79.6898,13.2085,79.6982,,,,,,state_highway,True,medium,60,,"State Highways (SH), HDT accessible",16,True,16,0.15,1.5,119
Krishnagiri - Ranipet Road (Old NH46),SHU144,primary,8.73,Short (<100km),56.64,0.4817,Good,True,Within_TN,"KRISHNAGIRI, RANIPET",12.5892,78.5076,12.5873,78.5048,,,,,,state_highway,True,medium,60,,"State Highways (SH), HDT accessible",16,True,16,0.15,1.5,120
Kancheepuram Bypass (West),SHU243,primary,8.6,Short (<100km),59.61,0.585,Good,True,Within_TN,Industrial corridor route,12.8448,79.6634,12.8458,79.6624,,,asphalt,,,state_highway,True,medium,60,,"State Highways (SH), HDT accessible",12,True,12,0.14,1.4,121
Old Madras Road,NH42;NH69,trunk,8.06,Short (<100km),61.16,0.4479,Good,True,Within_TN,Industrial corridor route,13.1973,78.7077,13.1977,78.7082,2.0,,,,,national_highway,True,medium,80,,"National Highways (NH), main HDT corridors",12,True,12,0.1,1.3,122
Anna Salai,SH207,primary,7.94,Short (<100km),56.0,0.4446,Good,True,Within_TN,Vellore → Ranipet → VELLORE,12.9136,79.1323,12.9097,79.1318,,,asphalt,,,state_highway,True,medium,60,,"State Highways (SH), HDT accessible",4,True,4,0.13,1.3,123
Padi Flyover,SHU148,primary,7.45,Short (<100km),67.85,0.9214,Good,True,Within_TN,Chennai → Sriperumbudur → CHENNAI,13.1015,80.1944,13.1015,80.1944,,,,,,state_highway,True,medium,60,,"State Highways (SH), HDT accessible",19,True,19,0.12,1.2,124
Taramani Link Road,SH48B,primary,7.16,Short (<100km),67.34,0.8967,Good,True,Within_TN,Chennai,12.98,80.2522,12.9803,80.2511,,,,,,state_highway,True,medium,60,,"State Highways (SH), HDT accessible",25,True,25,0.12,1.2,125
Grand Northern Trunk Road (Old NH5),SHU15,primary,6.99,Short (<100km),66.17,0.8765,Good,True,Within_TN,Chennai,13.1841,80.1922,13.1842,80.1917,,,,,,state_highway,True,medium,60,,"State Highways (SH), HDT accessible",23,True,23,0.12,1.2,126
Camp Salai,MDR566,primary,6.15,Short (<100km),65.25,0.815,Good,True,Within_TN,Chennai → Sriperumbudur,12.9123,80.1431,12.918,80.1459,3.0,,asphalt,,,state_highway,True,medium,60,,"State Highways (SH), HDT accessible",5,True,5,0.1,1.0,127
Nelamangala Main Road,SH74,primary,5.68,Short (<100km),63.92,0.7922,Good,True,TN_to_KA,Bengaluru → Industrial corridor route,13.1,77.3912,13.0999,77.3912,1.0,50.0,,,,state_highway,True,medium,60,,"State Highways (SH), HDT accessible",8,True,8,0.09,0.9,128
Kancheepuram - Surappan Road,SH58A,primary,5.35,Short (<100km),59.9,0.5961,Good,True,Within_TN,Industrial corridor route,12.8692,79.6486,12.8497,79.6931,,,,,,state_highway,True,medium,60,,"State Highways (SH), HDT accessible",1,True,1,0.09,0.9,129
Tekal Road,SH99,primary,5.33,Short (<100km),60.72,0.6358,Good,True,TN_to_KA,Industrial corridor route → KOLAR,13.0939,78.1078,13.1108,78.1248,,,,,,state_highway,True,medium,60,,"State Highways (SH), HDT accessible",11,True,11,0.09,0.9,130
Grand Northern Trunk Road (Old NH5),SHU17,primary,5.2,Short (<100km),62.85,0.726,Good,True,Within_TN,Industrial corridor route,13.3969,80.1327,13.3958,80.1325,,,,,,state_highway,True,medium,60,,"State Highways (SH), HDT accessible",6,True,6,0.09,0.9,131
Semmambadi - Chetpet Highway,NH179D,trunk,4.68,Short (<100km),61.4,0.457,Good,True,Within_TN,Industrial corridor route,12.4961,79.3482,12.5163,79.3411,2.0,,asphalt,,,national_highway,True,medium,80,,"National Highways (NH), main HDT corridors",5,True,5,0.06,0.8,132
Thirumangalam – Mogappair Road,SH112,primary,4.68,Short (<100km),68.11,0.9274,Good,True,Within_TN,Chennai → Sriperumbudur,13.0871,80.1987,13.0871,80.1985,,,,,,state_highway,True,medium,60,,"State Highways (SH), HDT accessible",8,True,8,0.08,0.8,133
Chennai - Chittoor - Bangalore Road (Old NH4),SHU142,primary,4.57,Short (<100km),62.22,0.6934,Good,True,Within_TN,"CHENNAI, BANGALORE, CHITTOOR",12.9231,79.8752,12.9297,79.894,,,,,,state_highway,True,medium,60,,"State Highways (SH), HDT accessible",6,True,6,0.08,0.8,134
Malur - Hosur - Adhiyamankottai Road,SH17,primary,4.53,Short (<100km),63.76,0.7521,Good,True,TN_to_KA,HOSUR,12.8663,77.8787,12.8681,77.8797,,,,,,state_highway,True,medium,60,,"State Highways (SH), HDT accessible",9,True,9,0.08,0.8,135
Krishnagiri - Ranipet Road (Old NH46),SHU127,primary,4.44,Short (<100km),57.87,0.5183,Good,True,TN_to_KA,"KRISHNAGIRI, RANIPET",12.5485,78.3342,12.5479,78.3346,,,asphalt,,,state_highway,True,medium,60,,"State Highways (SH), HDT accessible",5,True,5,0.07,0.7,136
BHEL Feeder Road,SH241,primary,4.43,Short (<100km),57.15,0.4882,Good,True,Within_TN,Vellore → Ranipet,12.9689,79.3111,12.9685,79.3095,,,,,,state_highway,True,medium,60,,"State Highways (SH), HDT accessible",10,True,10,0.07,0.7,137
Bengaluru-Mysuru Service lane,NH275;EC34,trunk,4.39,Short (<100km),71.26,0.8591,Good,True,TN_to_KA,BENGALURU,12.8981,77.4633,12.8971,77.4617,2.0,40.0,asphalt,,,national_highway,True,medium,80,,"National Highways (NH), main HDT corridors",5,True,5,0.05,0.7,138
Rajiv Gandhi IT Expressway,OMR,primary,4.3,Short (<100km),67.78,0.9192,Good,True,Within_TN,Chennai,13.0066,80.2474,12.9999,80.2484,4.0,,asphalt,,,expressway,True,medium,100,,"State Highways (SH), HDT accessible",13,True,13,0.04,0.7,139
Chennai - Tiruthani - Renigunta Road,SHU91,primary,4.22,Short (<100km),60.29,0.725,Good,True,Within_TN,CHENNAI,13.1367,79.9253,13.1432,79.9087,,,,,,state_highway,True,medium,60,,"State Highways (SH), HDT accessible",9,True,9,0.07,0.7,140
Hogenakkal – Pennagaram – Dharmapuri – Tirupattur Road,SH60,primary,4.19,Short (<100km),56.51,0.4624,Good,True,Within_TN,"TIRUPATTUR, DHARMAPURI",12.4688,78.5346,12.4764,78.5475,2.0,,,,,state_highway,True,medium,60,,"State Highways (SH), HDT accessible",9,True,9,0.07,0.7,141
Varanasi - Kanniyakumari Road (Old NH7),SHU71,primary,4.08,Short (<100km),58.56,0.5498,Good,True,TN_to_KA,Krishnagiri,12.5204,78.221,12.5358,78.2041,,,asphalt,,,state_highway,True,medium,60,,"State Highways (SH), HDT accessible",8,True,8,0.07,0.7,142
Kanakapura Road,NH948,primary,4.03,Short (<100km),61.95,0.6884,Good,True,TN_to_KA,Industrial corridor route,12.5928,77.4335,12.5941,77.4337,2.0,50.0,asphalt,,,state_highway,True,medium,60,,"State Highways (SH), HDT accessible",4,True,4,0.07,0.7,143
Velachery Bypass Road,SH48C,primary,3.42,Short (<100km),67.34,0.8968,Good,True,Within_TN,Chennai,12.9915,80.2195,12.9916,80.2196,2.0,50.0,asphalt,,,state_highway,True,medium,60,,"State Highways (SH), HDT accessible",10,True,10,0.06,0.6,144
Arumbakkam Road,O1013,primary,3.3,Short (<100km),60.35,0.6141,Good,True,Within_TN,Industrial corridor route,13.2355,79.6974,13.2124,79.7064,,,,,,state_highway,True,medium,60,,"State Highways (SH), HDT accessible",1,True,1,0.06,0.5,145
Dabaspete - Hosur Highway,NH648,primary,3.28,Short (<100km),63.53,0.759,Good,True,TN_to_KA,HOSUR → Industrial corridor route,13.1933,77.7814,13.1931,77.7809,2.0,,asphalt,,,state_highway,True,medium,60,,"State Highways (SH), HDT accessible",8,True,8,0.05,0.5,146
Bengaluru Honnavara Road,SH33,primary,2.9,Short (<100km),59.9,0.5984,Good,True,TN_to_KA,BENGALURU → Industrial corridor route → BANGALORE,13.3381,77.1014,13.3388,77.0973,,,concrete,,,state_highway,True,medium,60,,"State Highways (SH), HDT accessible",10,True,10,0.05,0.5,147
Grand Northern Trunk Road,NH16,primary,2.77,Short (<100km),67.97,0.919,Good,True,Within_TN,Chennai,13.1446,80.2196,13.1522,80.2097,,,,,,state_highway,True,medium,60,,"State Highways (SH), HDT accessible",2,True,2,0.05,0.5,148
Bengaluru Honnavara Road,NH206,primary,2.74,Short (<100km),59.92,0.597,Good,True,TN_to_KA,BENGALURU → BANGALORE,13.3388,77.0973,13.3457,77.0891,,,,,,state_highway,True,medium,60,,"State Highways (SH), HDT accessible",2,True,2,0.05,0.5,149
Delhigate Road,MDR798,primary,2.68,Short (<100km),57.36,0.4945,Good,True,Within_TN,Vellore → Ranipet,12.9119,79.3271,12.8992,79.3472,,,asphalt,,,state_highway,True,medium,60,,"State Highways (SH), HDT accessible",1,True,1,0.04,0.4,150
Budigere Road,SH104A,primary,2.52,Short (<100km),66.05,0.8423,Good,True,TN_to_KA,Bengaluru → Electronic City,13.0478,77.7494,13.0641,77.7391,2.0,,asphalt,,,state_highway,True,medium,60,,"State Highways (SH), HDT accessible",3,True,3,0.04,0.4,151
Bengaluru - Mysuru Road,NH275,primary,2.49,Short (<100km),63.24,0.7935,Good,True,TN_to_KA,BENGALURU → BANGALORE,12.8204,77.41,12.8213,77.4103,2.0,60.0,asphalt,,,state_highway,True,medium,60,,"State Highways (SH), HDT accessible",6,True,6,0.04,0.4,152
Vandavasi Bypass Road,SHU185,primary,2.15,Short (<100km),57.65,0.5079,Good,True,Within_TN,Industrial corridor route,12.5189,79.5876,12.5108,79.5859,2.0,,asphalt,,,state_highway,True,medium,60,,"State Highways (SH), HDT accessible",5,True,5,0.04,0.4,153
Vellore Old Bypass Road,SH230,primary,2.03,Short (<100km),56.14,0.4455,Good,True,Within_TN,VELLORE,12.9295,79.1341,12.9241,79.1271,,,asphalt,,,state_highway,True,medium,60,,"State Highways (SH), HDT accessible",2,True,2,0.03,0.3,154
Chennai - Trichy - Dindugal Road (Old NH45),SHU7,primary,1.8,Short (<100km),59.29,0.5717,Good,True,Within_TN,CHENNAI,12.5174,79.891,12.5061,79.8802,,,,,,state_highway,True,medium,60,,"State Highways (SH), HDT accessible",1,True,1,0.03,0.3,155
Old Palar Road,SHU82,primary,1.75,Short (<100km),56.15,0.4466,Good,True,Within_TN,Vellore → Ranipet,12.9414,79.135,12.9456,79.137,,,,,,state_highway,True,medium,60,,"State Highways (SH), HDT accessible",5,True,5,0.03,0.3,156
Chennai - Chittoor - Bangalore Road (Old NH4),SHU143,primary,1.69,Short (<100km),56.96,0.4788,Good,True,Within_TN,"CHENNAI, BANGALORE, CHITTOOR",12.9858,79.2713,12.9859,79.272,,,,,,state_highway,True,medium,60,,"State Highways (SH), HDT accessible",3,True,3,0.03,0.3,157
Jawaharlal Nehru Road (100 Feet Road),IRR,primary,1.48,Short (<100km),68.18,0.9275,Good,True,Within_TN,Chennai → Sriperumbudur,13.083,80.1986,13.0825,80.1986,,,asphalt,,,state_highway,True,medium,60,,"State Highways (SH), HDT accessible",9,True,9,0.02,0.2,158
Krishnagiri - Ranipet Road (Old NH46),SHU23,primary,1.33,Short (<100km),58.54,0.5419,Good,True,TN_to_KA,"KRISHNAGIRI, RANIPET",12.5196,78.2221,12.5195,78.2225,,,asphalt,,,state_highway,True,medium,60,,"State Highways (SH), HDT accessible",5,True,5,0.02,0.2,159
Varanasi - Kanniyakumari Road (Old NH7),SHU57,primary,1.13,Short (<100km),60.98,0.6408,Good,True,TN_to_KA,Hosur → Krishnagiri,12.6647,78.0055,12.6648,78.006,2.0,40.0,asphalt,,yes,state_highway,True,medium,60,,"State Highways (SH), HDT accessible",5,True,5,0.02,0.2,160
Muthuswamy Road,NH4,primary,0.91,Short (<100km),69.69,0.9882,Good,True,Within_TN,Chennai,13.0824,80.2817,13.085,80.2837,,,,,,state_highway,True,medium,60,,"State Highways (SH), HDT accessible",3,True,3,0.02,0.2,161
Rajiv Gandhi IT Expressway,SH49A,primary,0.85,Short (<100km),67.49,0.9033,Good,True,Within_TN,Chennai,12.9867,80.2516,12.9878,80.2513,3.0,,asphalt,,,expressway,True,medium,100,,"State Highways (SH), HDT accessible",5,True,5,0.01,0.1,162
R.R Road,SH242,primary,0.68,Short (<100km),56.29,0.4923,Good,True,Within_TN,Vellore → Ranipet,12.9251,79.3338,12.9269,79.3316,,,asphalt,,,state_highway,True,medium,60,,"State Highways (SH), HDT accessible",15,True,15,0.01,0.1,163
Long Bazar,Vellore,primary,0.49,Short (<100km),56.13,0.4451,Good,True,Within_TN,VELLORE,12.9191,79.1333,12.9235,79.133,,,,,,state_highway,True,medium,60,,"State Highways (SH), HDT accessible",1,True,1,0.01,0.1,164
Perambur Cross Road,O5008,primary,0.41,Short (<100km),68.62,0.9449,Good,True,Within_TN,AMBUR,13.1288,80.2416,13.1269,80.2415,,,,,,state_highway,True,medium,60,,"State Highways (SH), HDT accessible",2,True,2,0.01,0.1,165
Chennai Bangalore Highway,SHU86,trunk,0.33,Short (<100km),72.31,0.8924,Good,True,Within_TN,"CHENNAI, BANGALORE",13.0613,80.1617,13.0613,80.1605,2.0,40.0,asphalt,,,national_highway,True,medium,80,,"National Highways (NH), main HDT corridors",2,True,2,0.0,0.1,166
Kancheepuram Bypass Road,O1947,primary,0.24,Short (<100km),57.74,0.5095,Good,True,Within_TN,Industrial corridor route,12.5069,79.6034,12.5071,79.6055,,,,,,state_highway,True,medium,60,,"State Highways (SH), HDT accessible",1,True,1,0.0,0.0,167
Electronic City Elevated Expressway,BETL,motorway,0.19,Short (<100km),76.54,0.8617,Good,True,TN_to_KA,Bengaluru → Hosur → Electronic City,12.8467,77.6699,12.8459,77.6684,2.0,60.0,asphalt,,,expressway,True,medium,100,,"Controlled-access expressways, fully HDT suitable",1,True,1,0.0,0.0,168
Vanagaram - Ambathur - Puzhal Road,SH205,trunk,0.14,Short (<100km),71.93,0.8774,Good,True,Within_TN,Chennai → Sriperumbudur,13.1224,80.1472,13.1227,80.1484,,,,,,national_highway,True,medium,80,,"National Highways (NH), main HDT corridors",1,True,1,0.0,0.0,169
Budigere Road,104A,primary,0.08,Short (<100km),66.04,0.8417,Good,True,TN_to_KA,Bengaluru → Electronic City,13.046,77.7505,13.0463,77.7503,,,,,,state_highway,True,medium,60,,"State Highways (SH), HDT accessible",2,True,2,0.0,0.0,170
Anna Salai (Mount Road),NH32,primary,0.06,Short (<100km),67.84,0.9136,Good,True,Within_TN,Chennai → Sriperumbudur,13.012,80.2216,13.0121,80.2211,,,,,,state_highway,True,medium,60,,"State Highways (SH), HDT accessible",1,True,1,0.0,0.0,171
East Coast Road SH49,ECR,primary,0.05,Short (<100km),63.8,0.7518,Good,True,Within_TN,Industrial corridor route,12.785,80.2449,12.7854,80.2447,,,,yes,,state_highway,True,medium,60,,"State Highways (SH), HDT accessible",1,True,1,0.0,0.0,172
Ennore High Road,MDR1022,primary,0.05,Short (<100km),68.15,0.9262,Good,True,Within_TN,Chennai,13.1526,80.2886,13.1527,80.2886,,,,,,state_highway,True,medium,60,,"State Highways (SH), HDT accessible",4,True,4,0.0,0.0,173
Palace Road,NH7,primary,0.05,Short (<100km),69.61,0.9844,Good,True,TN_to_KA,Bengaluru → Electronic City,12.9846,77.5885,12.9847,77.5883,,,,,,state_highway,True,medium,60,,"State Highways (SH), HDT accessible",2,True,2,0.0,0.0,174
Kalaingar Karunanidhi Salai,MDR49B,primary,0.04,Short (<100km),65.71,0.8291,Good,True,Within_TN,Chennai,12.8977,80.2474,12.8977,80.2475,,,,,,state_highway,True,medium,60,,"State Highways (SH), HDT accessible",3,True,3,0.0,0.0,175
Anna Salai (Mount Road),NH45,primary,0.02,Short (<100km),68.18,0.9274,Good,True,Within_TN,Chennai,13.0247,80.229,13.0248,80.2291,,,,,,state_highway,True,medium,60,,"State Highways (SH), HDT accessible",1,True,1,0.0,0.0,176
Rajiv Gandhi Salai,OMR,primary,0.01,Short (<100km),67.98,0.9194,Good,True,Within_TN,Chennai,13.0068,80.2474,13.0066,80.2474,3.0,,asphalt,,,state_highway,True,medium,60,,"State Highways (SH), HDT accessible",1,True,1,0.0,0.0,177
Madras Thiruttani Road,SH 58,primary,0.01,Short (<100km),61.25,0.6499,Good,True,Within_TN,Industrial corridor route,12.682,79.9888,12.682,79.9887,,,,,,state_highway,True,medium,60,,"State Highways (SH), HDT accessible",1,True,1,0.0,0.0,178
Hosur Road,NH44,trunk,200.17,Short (<100km),69.67,0.9344,Good,True,TN_to_KA,HOSUR → Bengaluru → Electronic City → Industrial corridor route → Hosur,12.9151,77.624,12.9141,77.6247,3.0,80.0,asphalt,,,national_highway,True,high,80,NH44,"National Highways (NH), main HDT corridors",289,True,289,2.5,33.4,179
Dr. CV Raman Road,NH48,trunk,112.19,Short (<100km),69.11,0.9533,Good,True,TN_to_KA,"Bengaluru → Electronic City → CHENNAI, BANGALORE → Chennai → Sriperumbudur",13.0145,77.5835,13.0147,77.5785,2.0,60.0,concrete,,,national_highway,True,high,80,NH48,"National Highways (NH), main HDT corridors",197,True,197,1.4,18.7,180
Srinagar - Kanyakumari Highway,NH44;NH48,trunk,36.2,Short (<100km),72.71,0.9369,Good,True,TN_to_KA,Bengaluru → Hosur → Electronic City → HOSUR,12.9174,77.6229,12.9173,77.623,2.0,80.0,asphalt,,,national_highway,True,high,80,NH44,"National Highways (NH), main HDT corridors",133,True,133,0.45,6.0,181
Bangalore - Nelamangala Expressway,NH48;NH75,motorway,25.09,Short (<100km),75.94,0.8802,Good,True,TN_to_KA,BANGALORE,13.0519,77.4886,13.0489,77.497,3.0,80.0,asphalt,,,expressway,True,high,100,NH48,"Controlled-access expressways, fully HDT suitable",62,True,62,0.25,4.2,182
Outer Ring Road Underpass,NH44;NH48;NH75,trunk,22.73,Short (<100km),73.07,0.9306,Good,True,TN_to_KA,Bengaluru → Electronic City,13.0275,77.6332,13.0278,77.6325,3.0,60.0,concrete,,,national_highway,True,high,80,NH44,"National Highways (NH), main HDT corridors",92,True,92,0.28,3.8,183
Tumkur Road,NH48;NH75,trunk,9.97,Short (<100km),72.62,0.9201,Good,True,TN_to_KA,Bengaluru → Electronic City,13.0289,77.5399,13.0303,77.5372,3.0,60.0,asphalt,,,national_highway,True,high,80,NH48,"National Highways (NH), main HDT corridors",16,True,16,0.12,1.7,184
Bangalore - Nelamangala Expressway,NH48,motorway,4.86,Short (<100km),74.77,0.7944,Good,True,TN_to_KA,BANGALORE,13.0939,77.3912,13.0957,77.388,3.0,80.0,asphalt,yes,,expressway,True,high,100,NH48,"Controlled-access expressways, fully HDT suitable",10,True,10,0.05,0.8,185
Sankey Road,NH44,primary,2.41,Short (<100km),69.31,0.9827,Good,True,TN_to_KA,Bengaluru → Electronic City,12.9865,77.5888,12.9867,77.5887,3.0,,asphalt,,,state_highway,True,high,60,NH44,"State Highways (SH), HDT accessible",23,True,23,0.04,0.4,186
Outer Ring Road,NH75;NH44,trunk,0.41,Short (<100km),73.18,0.9277,Good,True,TN_to_KA,Bengaluru → Electronic City,13.042,77.5939,13.0427,77.5907,3.0,60.0,asphalt,,,national_highway,True,high,80,NH44,"National Highways (NH), main HDT corridors",3,True,3,0.01,0.1,187
Outer Ring Road,NH44;NH75,trunk,0.06,Short (<100km),73.19,0.9277,Good,True,TN_to_KA,Bengaluru → Electronic City,13.0422,77.5938,13.042,77.5943,3.0,60.0,asphalt,,,national_highway,True,high,80,NH44,"National Highways (NH), main HDT corridors",1,True,1,0.0,0.0,188
Dr. CV Raman Road,NH48,primary,0.03,Short (<100km),68.83,0.9534,Good,True,TN_to_KA,Bengaluru → Electronic City,13.0145,77.5838,13.0145,77.5835,3.0,60.0,asphalt,,,state_highway,True,high,60,NH48,"State Highways (SH), HDT accessible",1,True,1,0.0,0.0,189
